about, 1226734006, 1, 1.097395
other, 978481319, 2, 1.981281
which, 810514085, 2, 1.832779
their, 782849411, 2, 1.807791
there, 701170205, 3, 2.599255
first, 578161543, 2, 1.615572
would, 572644147, 2, 1.610157
these, 541003982, 3, 2.368172
click, 536746424, 3, 2.361775
price, 501651226, 4, 3.077873
state, 453104133, 2, 1.488315
email, 443949646, 2, 1.478562
world, 431934249, 2, 1.465649
music, 414028837, 2, 1.446163
after, 372948094, 2, 1.400216
video, 365410017, 3, 2.087364
where, 360468339, 3, 2.078811
order, 336631187, 3, 2.036873
group, 321842984, 2, 1.340163
under, 313296421, 3, 1.994622
could, 302311431, 3, 1.974275
great, 301487430, 2, 1.315157
hotel, 297974790, 3, 1.966155
store, 291308910, 2, 1.302383
right, 273620358, 3, 1.919568
local, 270742935, 2, 1.275964
those, 270014141, 3, 1.912516
using, 269448880, 3, 1.911408
phone, 256643812, 2, 1.257332
forum, 254478181, 2, 1.254430
black, 244690155, 2, 1.241170
check, 244491090, 3, 1.861346
index, 242826246, 3, 1.857926
being, 242783091, 2, 1.238557
women, 242520455, 3, 1.857296
today, 239271204, 2, 1.233723
south, 238581133, 2, 1.232769
found, 232005894, 3, 1.835423
house, 231310420, 3, 1.833959
photo, 227125249, 3, 1.825112
power, 226596368, 3, 1.823989
while, 226194991, 3, 1.823135
three, 223417394, 3, 1.817209
total, 222649459, 3, 1.815565
place, 220970235, 3, 1.811959
think, 217856550, 3, 1.805239
north, 217809513, 3, 1.805137
media, 216432510, 3, 1.802151
water, 215178488, 2, 1.199615
since, 214302926, 3, 1.797514
guide, 213378807, 3, 1.795495
board, 212361059, 2, 1.195510
white, 209863729, 3, 1.787775
small, 208371878, 3, 1.784481
level, 202563642, 3, 1.771544
image, 197874283, 3, 1.760965
title, 196676017, 3, 1.758244
shall, 191963867, 3, 1.747457
class, 191087771, 3, 1.745437
still, 190433487, 3, 1.743926
money, 190205072, 3, 1.743398
every, 189325890, 4, 2.321815
visit, 187062316, 3, 1.736098
reply, 184777992, 4, 2.307670
value, 182061247, 2, 1.149569
press, 179652730, 4, 2.291520
learn, 179428286, 4, 2.290807
print, 178250872, 3, 1.715297
stock, 176295589, 3, 1.710612
point, 175527859, 2, 1.139177
large, 165863763, 3, 1.685158
table, 165341452, 2, 1.122575
start, 161913408, 3, 1.675306
model, 161205740, 3, 1.673528
human, 160573748, 2, 1.114625
movie, 158421100, 4, 2.221991
march, 158281269, 3, 1.666139
going, 155284081, 4, 2.211321
study, 152978354, 2, 1.101703
staff, 151553180, 3, 1.648863
again, 150781416, 2, 1.097904
never, 149556758, 4, 2.191547
topic, 149001702, 3, 1.642208
below, 145701629, 2, 1.089007
party, 144707500, 3, 1.630870
login, 144200144, 3, 1.629518
legal, 142048771, 3, 1.623761
above, 141894620, 2, 1.082231
quote, 139242226, 2, 1.077453
story, 138433809, 3, 1.613981
young, 136341684, 4, 2.144345
field, 135289140, 4, 2.140483
paper, 134939426, 3, 1.604398
night, 130531484, 3, 1.592116
poker, 129054826, 3, 1.587952
issue, 128427156, 2, 1.057450
range, 128314924, 4, 2.114475
court, 127719981, 2, 1.056110
audio, 127014703, 2, 1.054771
light, 126699632, 4, 2.108343
write, 126645151, 3, 1.581102
offer, 126228968, 3, 1.579911
given, 125542966, 4, 2.103926
event, 125515260, 3, 1.577865
china, 124472054, 3, 1.574862
might, 123196001, 5, 2.618620
month, 123027963, 3, 1.570684
major, 122592252, 3, 1.569418
space, 121505269, 3, 1.566249
child, 119747393, 3, 1.561090
enter, 119394206, 3, 1.560048
share, 119294241, 4, 2.079671
radio, 113285624, 4, 2.055684
until, 113090086, 3, 1.541168
color, 112965658, 3, 1.540789
track, 112385243, 2, 1.026014
least, 111229798, 3, 1.535486
trade, 110086585, 2, 1.021312
green, 108287905, 4, 2.035188
close, 107853068, 3, 1.525035
drive, 107799371, 3, 1.524868
short, 106755242, 2, 1.014399
daily, 105837757, 3, 1.518711
beach, 105642682, 3, 1.518095
style, 101024266, 3, 1.503327
front, 100886343, 3, 1.502879
early, 100013194, 3, 1.500043
sound, 100010833, 4, 2.000048
final, 97649084, 3, 1.492291
adult, 97583096, 2, 0.994715
thing, 97451660, 4, 1.988852
cheap, 97049762, 3, 1.490309
third, 95489240, 3, 1.485115
cover, 94501729, 4, 1.975737
often, 92551460, 3, 1.475204
watch, 92006970, 3, 1.473348
heart, 90249265, 3, 1.467311
error, 89396475, 3, 1.464358
clear, 88447610, 4, 1.948070
taken, 87019836, 2, 0.970694
known, 86395556, 3, 1.453834
quick, 85584600, 3, 1.450955
whole, 85202530, 3, 1.449592
later, 84857974, 2, 0.965574
basic, 84840226, 3, 1.448297
along, 83444756, 2, 0.962185
among, 83431590, 3, 1.443231
death, 83216831, 3, 1.442454
speed, 83135749, 5, 2.403600
brand, 82807581, 3, 1.440971
stuff, 81444510, 3, 1.435999
doing, 80821946, 3, 1.433712
entry, 80717798, 3, 1.433328
force, 79199815, 3, 1.427704
river, 78843808, 4, 1.901834
album, 77914316, 2, 0.948594
build, 77203075, 2, 0.946806
apply, 76341478, 3, 1.416939
cross, 74230978, 3, 1.408838
lower, 72606927, 3, 1.402510
union, 72603888, 3, 1.402498
leave, 70957750, 4, 1.861330
woman, 70613606, 3, 1.394627
cable, 70082598, 3, 1.392506
score, 69315004, 4, 1.852562
shown, 68755779, 3, 1.387161
flash, 68391647, 4, 1.847578
allow, 67052567, 2, 0.920139
super, 66703287, 3, 1.378769
cause, 65904680, 3, 1.375463
focus, 65626732, 3, 1.374307
voice, 64600528, 4, 1.826680
brown, 64112042, 2, 0.911968
glass, 63559754, 4, 1.820815
happy, 63471922, 3, 1.365239
smith, 63357901, 3, 1.364753
thank, 63234550, 2, 0.909486
prior, 62949059, 4, 1.817347
sport, 62683851, 3, 1.361876
ready, 62667516, 4, 1.815741
round, 61836702, 5, 2.263720
built, 61502894, 2, 0.904525
blood, 61348302, 3, 1.356117
earth, 61059905, 3, 1.354864
basis, 59901425, 3, 1.349793
award, 59652161, 3, 1.348694
extra, 59377307, 2, 0.898319
quite, 58777731, 4, 1.793089
horse, 58453720, 4, 1.791161
owner, 58189056, 3, 1.342186
bring, 57608074, 3, 1.339575
input, 57191675, 2, 0.891795
agent, 57103658, 2, 0.891529
valid, 57094711, 3, 1.337253
grand, 56599468, 3, 1.335002
trial, 56547673, 3, 1.334766
wrote, 56421594, 3, 1.334190
metal, 56181783, 2, 0.888729
guest, 55293215, 2, 0.886003
trust, 55157142, 3, 1.328375
grade, 54275130, 4, 1.765693
panel, 53784382, 4, 1.762624
floor, 53759851, 4, 1.762470
match, 53532481, 3, 1.320781
plant, 53247607, 3, 1.319435
sense, 52629633, 4, 1.755333
stage, 52518330, 3, 1.315969
maybe, 51895609, 3, 1.312985
youth, 51426255, 3, 1.310722
break, 51242970, 3, 1.309834
dance, 51147967, 4, 1.745831
apple, 50551171, 4, 1.741956
enjoy, 50141455, 3, 1.304459
block, 49694725, 4, 1.736345
civil, 49495349, 3, 1.301273
steel, 49452604, 3, 1.301061
wrong, 49156828, 3, 1.299592
fully, 48616832, 3, 1.296897
worth, 48075237, 4, 1.725567
peace, 47856201, 4, 1.724092
coast, 47716394, 2, 0.861574
grant, 47609624, 3, 1.291820
agree, 47500911, 3, 1.291268
scale, 46307526, 4, 1.713540
stand, 46292709, 4, 1.713438
frame, 46079991, 3, 1.283978
chief, 45699591, 4, 1.709337
heard, 45436523, 5, 2.134385
begin, 45434902, 3, 1.280623
royal, 45407189, 3, 1.280478
clean, 45381752, 4, 1.707126
bible, 45080741, 3, 1.278768
suite, 44829675, 3, 1.277447
piece, 44298807, 4, 1.699518
sheet, 44295187, 3, 1.274619
seven, 44224906, 5, 2.123744
older, 44222089, 3, 1.274231
whose, 43634263, 4, 1.694791
stone, 42494931, 3, 1.264935
buyer, 42024703, 3, 1.262363
label, 41359857, 3, 1.258695
canon, 41144763, 3, 1.257501
waste, 41089558, 3, 1.257193
chair, 40764005, 3, 1.255376
phase, 40722940, 4, 1.673528
motor, 40615655, 3, 1.254544
shirt, 40501964, 3, 1.253906
crime, 40361756, 3, 1.253117
count, 40345803, 3, 1.253027
claim, 40085342, 3, 1.251557
patch, 39999745, 3, 1.251072
alone, 39326417, 3, 1.247238
saint, 38929141, 4, 1.659940
joint, 38827057, 3, 1.244367
fresh, 38781893, 3, 1.244105
upper, 38341510, 4, 1.655402
prime, 38308402, 4, 1.655145
limit, 38290292, 4, 1.655005
began, 38269468, 4, 1.654843
creek, 38159464, 3, 1.240491
urban, 38087999, 2, 0.826716
labor, 37866418, 3, 1.238776
admin, 37835381, 3, 1.238594
heavy, 37668153, 5, 2.062685
solid, 37426444, 3, 1.236185
theme, 37219937, 4, 1.646616
touch, 36831035, 3, 1.232647
serve, 36697856, 4, 1.642468
magic, 36676771, 3, 1.231725
mount, 36648260, 3, 1.231554
smart, 36636558, 4, 1.641979
avoid, 36508203, 3, 1.230714
birth, 36286070, 2, 0.819585
virus, 36286003, 2, 0.819584
abuse, 36269685, 2, 0.819519
faith, 35936559, 4, 1.636351
chain, 35928367, 4, 1.636284
reach, 35687918, 4, 1.634335
sorry, 35595812, 4, 1.633586
gamma, 35426622, 4, 1.632207
truth, 35345925, 3, 1.223660
draft, 35033621, 3, 1.221739
chart, 35027490, 4, 1.628936
equal, 34832354, 3, 1.220496
funny, 34281806, 4, 1.622760
tried, 34201786, 3, 1.216569
harry, 33867934, 4, 1.619294
mouse, 33667003, 4, 1.617602
brain, 33612784, 4, 1.617145
dream, 33518573, 3, 1.212261
false, 33476460, 4, 1.615991
carry, 33056477, 4, 1.612420
hello, 32960381, 3, 1.208699
brief, 32599674, 3, 1.206376
eight, 32567724, 6, 2.412339
alert, 32472727, 3, 1.205555
queen, 32366847, 4, 1.606490
sweet, 32311923, 4, 1.606015
truck, 32136249, 4, 1.604489
ocean, 31928741, 3, 1.202010
depth, 31879926, 3, 1.201691
train, 31816971, 2, 0.800852
route, 31439231, 3, 1.198788
frank, 31392284, 4, 1.597970
anime, 31334688, 3, 1.198095
speak, 31324712, 3, 1.198029
query, 31284313, 4, 1.597015
rural, 30998929, 3, 1.195861
judge, 30905832, 4, 1.593651
fight, 30784313, 3, 1.194424
minor, 29782623, 5, 1.979385
spent, 29719451, 4, 1.582930
cycle, 29585286, 3, 1.186275
sleep, 29491537, 3, 1.185629
scene, 29372413, 4, 1.579741
drink, 29254937, 4, 1.578656
guess, 28743465, 4, 1.573898
ahead, 28375319, 3, 1.177829
delta, 28051872, 4, 1.567375
alpha, 27832836, 4, 1.565287
bonus, 27819488, 2, 0.782579
adobe, 27538755, 2, 0.781233
dress, 27318959, 4, 1.560345
refer, 27099706, 4, 1.558218
layer, 26912270, 4, 1.556390
spend, 26713310, 4, 1.554441
clock, 26624872, 4, 1.553572
ratio, 26457942, 3, 1.163944
proof, 26305059, 3, 1.162808
empty, 26206017, 4, 1.549427
ideal, 26036289, 3, 1.160802
cream, 25898758, 4, 1.546359
aware, 25700328, 4, 1.544365
shape, 25675227, 4, 1.544112
usage, 25440406, 4, 1.541737
exist, 25349128, 3, 1.155607
wheel, 25342937, 4, 1.540747
angel, 25294123, 3, 1.155188
width, 25182453, 4, 1.539112
noise, 25171520, 4, 1.539000
array, 25150016, 4, 1.538780
sharp, 24904199, 4, 1.536259
occur, 24679212, 3, 1.150453
coach, 24514961, 3, 1.149175
plate, 24275560, 3, 1.147302
logic, 23989892, 4, 1.526734
plain, 23747230, 3, 1.143124
trail, 23648838, 2, 0.761559
buddy, 23611087, 3, 1.142037
setup, 23534848, 2, 0.760952
scope, 23349420, 3, 1.139937
crazy, 23032837, 4, 1.516500
mouth, 22880351, 4, 1.514843
meter, 22874915, 4, 1.514784
fruit, 22767191, 3, 1.135206
sugar, 22450333, 3, 1.132598
stick, 22399126, 4, 1.509565
genre, 22344091, 5, 1.886197
slide, 22339084, 4, 1.508902
exact, 22304937, 4, 1.508524
bound, 22303643, 2, 0.754255
storm, 22242164, 4, 1.507827
micro, 22219932, 4, 1.507581
paint, 21926890, 4, 1.504312
delay, 21911190, 5, 1.880170
pilot, 21909830, 3, 1.128091
novel, 21821189, 4, 1.503125
ultra, 21795075, 2, 0.751416
truly, 21693553, 3, 1.126266
lodge, 21541130, 4, 1.499964
broad, 21370126, 2, 0.749009
guard, 21137924, 3, 1.121521
newly, 21102330, 3, 1.121215
raise, 21099943, 3, 1.121194
drama, 20939845, 3, 1.119810
lunch, 20807419, 3, 1.118659
audit, 20786243, 3, 1.118475
tower, 20686918, 3, 1.117608
shell, 20599318, 3, 1.116841
solar, 20423792, 2, 0.743532
catch, 20400979, 3, 1.115097
doubt, 20311261, 2, 0.742870
forth, 20149609, 5, 1.854783
split, 19998411, 3, 1.111521
twice, 19945569, 4, 1.481397
shift, 19811555, 3, 1.109845
treat, 19442315, 3, 1.106500
piano, 19419956, 4, 1.475061
teach, 19079783, 2, 0.735449
rapid, 19070672, 3, 1.103090
hairy, 19060619, 4, 1.470663
dutch, 19000979, 3, 1.102445
pulse, 18893735, 4, 1.468600
metro, 18738665, 3, 1.100005
strip, 18711440, 3, 1.099750
pearl, 18707334, 3, 1.099712
opera, 18225169, 4, 1.460212
asset, 18178753, 3, 1.094716
blank, 18150537, 3, 1.094447
humor, 18085495, 4, 1.458433
tight, 17981854, 7, 2.549937
meant, 17832930, 4, 1.455193
plane, 17799728, 4, 1.454764
grace, 17642126, 4, 1.452724
villa, 17587586, 4, 1.452014
inner, 17552078, 4, 1.451552
taste, 17311343, 3, 1.086299
cache, 17250923, 5, 1.809504
lease, 17180592, 5, 1.808343
proud, 17167504, 3, 1.084876
giant, 17098874, 3, 1.084194
alarm, 17059844, 4, 1.445074
usual, 17044981, 4, 1.444876
angle, 17016075, 4, 1.444492
vinyl, 17009819, 4, 1.444408
worst, 16975343, 3, 1.082961
honor, 16787246, 4, 1.441430
eagle, 16785232, 4, 1.441404
nurse, 16772151, 4, 1.441228
quiet, 16746894, 3, 1.080666
comic, 16695850, 4, 1.440200
crown, 16651038, 4, 1.439595
maker, 16635947, 4, 1.439391
crack, 16633701, 5, 1.799201
smoke, 16567733, 4, 1.438467
craft, 16528294, 4, 1.437932
apart, 16507181, 3, 1.078234
blind, 16485480, 3, 1.078013
gross, 16440590, 4, 1.436739
actor, 16282891, 2, 0.717291
fifth, 16255266, 5, 1.792754
prize, 16204739, 5, 1.791885
dirty, 16101662, 3, 1.074064
alive, 16064787, 3, 1.073681
prove, 16046788, 3, 1.073494
ridge, 15993437, 4, 1.430585
modem, 15984492, 4, 1.430461
skill, 15835076, 4, 1.428378
throw, 15751985, 4, 1.427213
trend, 15747018, 3, 1.070357
worse, 15677739, 3, 1.069627
fiber, 15530318, 3, 1.068064
graph, 15526746, 4, 1.424035
fraud, 15378751, 3, 1.066447
roger, 15353411, 5, 1.776960
crash, 15302627, 6, 2.131261
inter, 15269346, 3, 1.065273
grove, 15189493, 4, 1.419216
spray, 15148133, 3, 1.063965
mayor, 15030847, 4, 1.416924
yield, 15022494, 5, 1.771003
hence, 14992334, 2, 0.708183
radar, 14982375, 4, 1.416220
diary, 14922472, 3, 1.061511
baker, 14862470, 3, 1.060854
shock, 14850388, 3, 1.060722
ebony, 14831025, 2, 0.707006
drawn, 14827380, 4, 1.413959
beast, 14787561, 2, 0.706688
dodge, 14768509, 4, 1.413096
pizza, 14763787, 4, 1.413027
globe, 14554904, 3, 1.057459
ghost, 14490042, 3, 1.056736
pride, 14428078, 4, 1.408058
brass, 14298573, 4, 1.406120
plaza, 14274314, 4, 1.405756
quest, 14258533, 3, 1.054139
booty, 14218854, 2, 0.702460
venue, 14204074, 3, 1.053524
vital, 14166642, 3, 1.053100
excel, 14133468, 4, 1.403631
enemy, 14084182, 4, 1.402884
lucky, 14053901, 4, 1.402425
thick, 14030556, 4, 1.402070
vista, 13991160, 3, 1.051102
flood, 13979267, 4, 1.401288
arena, 13966572, 3, 1.050821
grown, 13931521, 5, 1.750699
smile, 13893537, 4, 1.399978
candy, 13772033, 5, 1.747640
tiger, 13763074, 3, 1.048480
boost, 13675076, 2, 0.698307
moral, 13643598, 4, 1.396126
pound, 13620117, 6, 2.093642
bread, 13575360, 5, 1.743832
tough, 13560922, 4, 1.394841
chest, 13516414, 3, 1.045610
billy, 13515249, 3, 1.045596
solve, 13452150, 4, 1.393142
sight, 13360499, 4, 1.391703
worry, 13243591, 4, 1.389857
glory, 13158826, 5, 1.735639
fault, 13112664, 2, 0.693888
rugby, 12992179, 3, 1.039386
fluid, 12943336, 3, 1.038798
devil, 12869511, 5, 1.729841
grass, 12868953, 5, 1.729831
manga, 12774174, 4, 1.382329
theft, 12744763, 3, 1.036388
swing, 12734467, 3, 1.036263
shoot, 12695618, 3, 1.035788
elite, 12673836, 3, 1.035521
robot, 12656312, 2, 0.690204
gnome, 12609820, 3, 1.034736
noble, 12604679, 3, 1.034672
shore, 12568485, 4, 1.378969
loose, 12556710, 4, 1.378776
horny, 12363955, 5, 1.719488
ralph, 12190683, 3, 1.029523
liver, 12139363, 5, 1.714793
decor, 12098868, 4, 1.371152
aging, 12014007, 3, 1.027287
intro, 11938092, 3, 1.026320
clerk, 11923960, 4, 1.368186
favor, 11867822, 4, 1.367227
sigma, 11864409, 3, 1.025377
aside, 11768649, 4, 1.365526
essay, 11750312, 3, 1.023908
trace, 11697252, 2, 0.682148
spoke, 11577917, 4, 1.362226
arrow, 11563142, 3, 1.021477
rough, 11557184, 4, 1.361865
weird, 11556427, 3, 1.021389
blade, 11527988, 3, 1.021017
robin, 11423944, 3, 1.019651
strap, 11414669, 3, 1.019528
crowd, 11409218, 4, 1.359275
cloud, 11337220, 3, 1.018505
valve, 11325360, 5, 1.697247
knife, 11297715, 5, 1.696635
shelf, 11287023, 4, 1.357119
adopt, 11272339, 2, 0.678429
outer, 11245167, 3, 1.017282
steam, 11141309, 3, 1.015894
acute, 11128841, 2, 0.677151
stood, 11116275, 4, 1.354077
carol, 11109404, 3, 1.015466
stack, 11090579, 5, 1.692021
curve, 11071177, 4, 1.353269
amber, 11065507, 2, 0.676583
trunk, 11020361, 5, 1.690443
camel, 11005001, 3, 1.014058
juice, 10973425, 4, 1.351508
chase, 10971945, 4, 1.351481
sauce, 10968629, 4, 1.351421
fewer, 10792786, 4, 1.348224
proxy, 10773043, 4, 1.347863
haven, 10569212, 4, 1.344105
charm, 10554644, 4, 1.343835
basin, 10544774, 4, 1.343651
ranch, 10539650, 4, 1.343556
drunk, 10519219, 4, 1.343176
alien, 10490554, 3, 1.006981
broke, 10460811, 3, 1.006565
nylon, 10410171, 3, 1.005853
rocky, 10404321, 4, 1.341028
fleet, 10364423, 3, 1.005208
bunch, 10355431, 4, 1.340109
omega, 10289113, 4, 1.338857
civic, 10283668, 4, 1.338754
grill, 10254124, 4, 1.338195
grain, 10244623, 4, 1.338014
salon, 10079006, 2, 0.667427
turbo, 10058686, 2, 0.667232
reset, 10021033, 3, 1.000304
brush, 10018684, 3, 1.000270
spare, 10009522, 4, 1.333517
skirt, 9981485, 4, 1.332976
honey, 9978043, 4, 1.332909
gauge, 9952466, 4, 1.332414
sixth, 9920054, 4, 1.331786
cheat, 9903572, 3, 0.998599
sandy, 9897487, 5, 1.664184
macro, 9885853, 3, 0.998341
laugh, 9822471, 3, 0.997414
pitch, 9800556, 4, 1.329456
dozen, 9776227, 4, 1.328979
teeth, 9769437, 3, 0.996634
cloth, 9764137, 4, 1.328742
stamp, 9760468, 6, 1.993005
cargo, 9748668, 4, 1.328438
maple, 9704551, 3, 0.995677
depot, 9688338, 3, 0.995437
blend, 9680982, 3, 0.995328
probe, 9643801, 3, 0.994777
debug, 9581095, 2, 0.662562
chuck, 9574825, 3, 0.993749
bingo, 9539002, 3, 0.993214
sunny, 9497382, 4, 1.323453
cedar, 9484993, 4, 1.323205
mason, 9461838, 4, 1.322740
chose, 9409845, 5, 1.652118
blast, 9387171, 3, 0.990928
brake, 9321885, 3, 0.989937
olive, 9298184, 4, 1.319434
cyber, 9289150, 3, 0.989438
clone, 9284578, 3, 0.989368
relay, 9275052, 5, 1.648705
angry, 9267505, 4, 1.318810
lover, 9234545, 4, 1.318138
daddy, 9211193, 6, 1.976490
ferry, 9208954, 4, 1.317614
motel, 9170238, 3, 0.987615
rally, 9155530, 4, 1.316519
dying, 9123557, 4, 1.315861
stuck, 9120620, 4, 1.315800
vocal, 9082826, 3, 0.986265
organ, 9077449, 3, 0.986181
lemon, 9066930, 4, 1.314691
toxic, 9065369, 4, 1.314659
bench, 8992211, 3, 0.984855
rider, 8987802, 4, 1.313048
bobby, 8964342, 4, 1.312559
sheep, 8962638, 4, 1.312524
salad, 8923706, 4, 1.311710
paste, 8913055, 4, 1.311487
relax, 8856944, 6, 1.965463
sword, 8835685, 3, 0.982396
coral, 8818272, 3, 0.982120
pixel, 8813200, 4, 1.309386
float, 8808655, 2, 0.654645
dairy, 8781961, 4, 1.308726
admit, 8780656, 4, 1.308698
fancy, 8777135, 5, 1.635779
squad, 8744772, 4, 1.307937
chaos, 8690268, 4, 1.306777
wheat, 8685589, 4, 1.306677
unity, 8657709, 3, 0.979561
bride, 8650665, 4, 1.305930
begun, 8636352, 3, 0.979218
fever, 8582665, 5, 1.630588
rover, 8537021, 5, 1.629358
flame, 8527495, 3, 0.977460
spell, 8506049, 3, 0.977112
annex, 8465905, 3, 0.976459
argue, 8353605, 2, 0.649746
arise, 8337093, 5, 1.623911
chess, 8293823, 3, 0.973632
canal, 8278196, 3, 0.973373
lying, 8260845, 4, 1.297448
drill, 8248787, 5, 1.621476
hobby, 8237250, 4, 1.296925
trick, 8208473, 3, 0.972215
wider, 8186703, 3, 0.971852
screw, 8177263, 3, 0.971694
blame, 8170544, 4, 1.295442
fifty, 8133138, 4, 1.294606
uncle, 8127694, 3, 0.970863
randy, 8110369, 4, 1.294096
brick, 8094369, 3, 0.970303
naval, 8091649, 4, 1.293677
cabin, 8052267, 3, 0.969593
retro, 8000179, 4, 1.291614
anger, 7991036, 4, 1.291407
handy, 7936655, 5, 1.612715
guild, 7923630, 4, 1.289875
tribe, 7890695, 3, 0.966842
batch, 7835050, 3, 0.965885
alter, 7831337, 3, 0.965822
amend, 7806844, 3, 0.965399
chick, 7771502, 3, 0.964787
thong, 7747699, 4, 1.285832
medal, 7747036, 4, 1.285816
booth, 7723310, 3, 0.963949
breed, 7716901, 3, 0.963838
polar, 7715471, 2, 0.642542
patio, 7627536, 4, 1.283032
snake, 7606395, 5, 1.603170
berry, 7551906, 3, 0.960940
ought, 7523238, 3, 0.960432
timer, 7488669, 4, 1.279756
verse, 7469512, 5, 1.599126
nasty, 7434847, 4, 1.278475
tumor, 7430480, 4, 1.278371
forty, 7415064, 4, 1.278002
queue, 7398569, 4, 1.277607
welsh, 7346867, 3, 0.957274
belly, 7346354, 4, 1.276353
elder, 7299470, 3, 0.956416
sonic, 7298920, 4, 1.275209
thumb, 7284386, 2, 0.637428
twist, 7240854, 4, 1.273800
debut, 7220643, 2, 0.636654
penny, 7162062, 5, 1.589844
ivory, 7146685, 5, 1.589373
newer, 7122879, 4, 1.270913
spice, 7120274, 5, 1.588561
donor, 7096675, 3, 0.952700
trash, 7092806, 2, 0.635086
manor, 7084688, 5, 1.587463
disco, 7067687, 4, 1.269550
minus, 7025364, 2, 0.634250
shade, 6996835, 5, 1.584737
digit, 6991045, 4, 1.267645
lyric, 6970278, 4, 1.267126
grave, 6929008, 5, 1.582615
lobby, 6887477, 3, 0.948785
punch, 6872844, 4, 1.264677
karma, 6862407, 4, 1.264413
shake, 6839319, 6, 1.895742
holly, 6834032, 3, 0.947771
silly, 6833654, 4, 1.263685
mercy, 6831149, 3, 0.947716
fence, 6796605, 4, 1.262743
shame, 6785296, 4, 1.262454
fatal, 6779744, 3, 0.946735
flesh, 6768724, 4, 1.262031
sheer, 6684477, 5, 1.574837
witch, 6671560, 5, 1.574420
puppy, 6662287, 5, 1.574121
smell, 6642666, 3, 0.944091
satin, 6620674, 2, 0.629109
nerve, 6567418, 5, 1.571040
renew, 6561081, 4, 1.256666
rebel, 6527810, 3, 0.941846
slope, 6469975, 4, 1.254273
rehab, 6460331, 4, 1.254019
merit, 6450895, 3, 0.940327
condo, 6444848, 4, 1.253609
fairy, 6435300, 5, 1.566695
shaft, 6431372, 4, 1.253252
kitty, 6414935, 5, 1.566020
drain, 6411642, 5, 1.565910
panic, 6396440, 4, 1.252324
onion, 6384730, 4, 1.252012
merry, 6367037, 5, 1.564425
scuba, 6366349, 3, 0.938641
dried, 6331606, 4, 1.250592
derby, 6319608, 4, 1.250269
steal, 6257493, 4, 1.248595
alike, 6220739, 4, 1.247599
scout, 6176157, 2, 0.623192
dealt, 6174968, 4, 1.246352
badge, 6145138, 4, 1.245536
wrist, 6143580, 3, 0.934120
heath, 6139151, 4, 1.245372
realm, 6122762, 4, 1.244922
rouge, 6084449, 4, 1.243867
yeast, 6083904, 4, 1.243852
brook, 6044943, 4, 1.242773
armor, 6001844, 3, 0.931181
viral, 5969493, 4, 1.240671
laden, 5964620, 4, 1.240534
merge, 5961585, 5, 1.550562
sperm, 5944531, 4, 1.239971
frost, 5940685, 3, 0.929897
sally, 5933047, 5, 1.549560
yacht, 5932756, 4, 1.239640
whale, 5928569, 5, 1.549403
shark, 5904454, 5, 1.548553
cliff, 5898886, 4, 1.238685
tract, 5897046, 4, 1.238633
shine, 5881862, 3, 0.928653
ozone, 5865280, 4, 1.237734
pasta, 5855460, 4, 1.237456
serum, 5854942, 2, 0.618721
swift, 5850031, 4, 1.237301
inbox, 5845223, 3, 0.927874
focal, 5844761, 4, 1.237152
wound, 5820050, 3, 0.927336
belle, 5820002, 4, 1.236447
cubic, 5774261, 3, 0.926354
elect, 5748899, 4, 1.234410
bunny, 5730050, 4, 1.233866
flyer, 5718564, 3, 0.925151
climb, 5697476, 3, 0.924694
token, 5672353, 4, 1.232196
flush, 5625285, 3, 0.923118
jewel, 5603871, 4, 1.230197
teddy, 5602073, 3, 0.922608
dryer, 5592001, 4, 1.229849
funky, 5587279, 5, 1.537138
scary, 5571680, 5, 1.536564
tooth, 5551049, 4, 1.228643
drove, 5545848, 5, 1.535611
upset, 5544484, 3, 0.921337
lance, 5509634, 4, 1.227417
colon, 5494297, 4, 1.226961
purse, 5488891, 4, 1.226800
align, 5478643, 3, 0.919871
bless, 5477461, 4, 1.226459
crest, 5477034, 3, 0.919835
alloy, 5468839, 3, 0.919652
bloom, 5456938, 4, 1.225847
surge, 5436623, 4, 1.225238
spank, 5416004, 4, 1.224619
vault, 5408483, 3, 0.918295
orbit, 5389062, 2, 0.611904
bacon, 5385205, 3, 0.917769
spine, 5370074, 5, 1.529043
trout, 5369048, 3, 0.917402
fatty, 5363547, 3, 0.917278
oxide, 5321340, 4, 1.221755
badly, 5290145, 3, 0.915602
scoop, 5272369, 3, 0.915194
blink, 5257629, 4, 1.219806
fuzzy, 5241931, 5, 1.524154
forge, 5226805, 4, 1.218857
dense, 5225392, 5, 1.523516
brave, 5221356, 5, 1.523361
awful, 5217370, 3, 0.913924
wagon, 5198530, 4, 1.217982
knock, 5196013, 4, 1.217904
quilt, 5187075, 3, 0.913220
mambo, 5164902, 3, 0.912704
flour, 5162842, 3, 0.912655
choir, 5156247, 4, 1.216668
blond, 5155053, 3, 0.912473
burst, 5147573, 3, 0.912298
daisy, 5124326, 5, 1.519589
crude, 5119129, 4, 1.215508
safer, 5085040, 4, 1.214437
marsh, 5073104, 4, 1.214061
theta, 5070673, 3, 0.910488
stake, 5061965, 4, 1.213710
arbor, 5057261, 2, 0.606780
rifle, 5047417, 4, 1.213250
waist, 5013500, 5, 1.515216
sewer, 5008805, 5, 1.515030
resin, 4966700, 4, 1.210679
linen, 4960413, 5, 1.513096
decay, 4956622, 4, 1.210355
usher, 4948609, 4, 1.210098
skate, 4932092, 3, 0.907175
voter, 4905374, 4, 1.208705
urine, 4903932, 3, 0.906494
towel, 4901668, 4, 1.208585
crane, 4888961, 4, 1.208173
habit, 4880657, 3, 0.905928
coupe, 4874541, 5, 1.509632
sixty, 4851534, 4, 1.206957
spark, 4842423, 5, 1.508324
spike, 4833410, 6, 1.809547
tonga, 4813052, 3, 0.904274
sedan, 4769270, 5, 1.505322
flora, 4756211, 2, 0.601913
hardy, 4748572, 5, 1.504467
denim, 4737554, 4, 1.203208
glove, 4714578, 4, 1.202444
plush, 4692870, 4, 1.201720
adapt, 4675567, 4, 1.201141
stern, 4643592, 3, 0.900051
tutor, 4635949, 4, 1.199810
idiot, 4635830, 3, 0.899854
debit, 4633794, 2, 0.599869
raven, 4630541, 4, 1.199628
slice, 4628779, 4, 1.199568
pause, 4606318, 4, 1.198809
demon, 4602331, 4, 1.198673
couch, 4581367, 5, 1.497452
rogue, 4576302, 3, 0.898342
optic, 4558869, 3, 0.897896
chili, 4553187, 4, 1.197001
grief, 4552843, 4, 1.196989
sweat, 4551615, 4, 1.196947
quake, 4544481, 4, 1.196703
alley, 4541475, 4, 1.196600
loyal, 4498834, 3, 0.896352
renal, 4494106, 4, 1.194973
spite, 4493143, 4, 1.194939
imply, 4491299, 4, 1.194876
chill, 4489643, 5, 1.493523
liner, 4486145, 5, 1.493372
vivid, 4479514, 4, 1.194469
skull, 4457991, 4, 1.193723
ninja, 4439780, 4, 1.193090
steak, 4413680, 5, 1.490224
cobra, 4412823, 3, 0.894112
threw, 4410853, 4, 1.192081
ninth, 4390562, 6, 1.787055
marry, 4388137, 4, 1.191285
drake, 4373046, 5, 1.488443
fried, 4364192, 4, 1.190442
woody, 4355633, 5, 1.487675
cried, 4352198, 4, 1.190019
rival, 4298220, 5, 1.485129
homer, 4281428, 6, 1.781255
woven, 4248524, 4, 1.186323
rigid, 4240019, 5, 1.482522
salsa, 4234056, 5, 1.482253
blown, 4229918, 3, 0.889240
baton, 4229776, 2, 0.592824
abbey, 4224864, 2, 0.592735
sauna, 4202256, 3, 0.888489
cruel, 4180956, 5, 1.479848
eager, 4175668, 4, 1.183686
pupil, 4167137, 3, 0.887531
feast, 4166016, 5, 1.479168
ankle, 4146793, 4, 1.182631
blunt, 4129800, 3, 0.886506
react, 4126376, 4, 1.181883
flute, 4090740, 4, 1.180568
harsh, 4087715, 4, 1.180456
cease, 4081957, 5, 1.475304
equip, 4044391, 4, 1.178847
hedge, 4041429, 2, 0.589368
curry, 4029540, 5, 1.472865
pouch, 4023912, 6, 1.767122
spoon, 4000406, 3, 0.882899
niche, 3999108, 2, 0.588575
cigar, 3993843, 4, 1.176952
curse, 3982181, 3, 0.882384
titan, 3974407, 3, 0.882164
shout, 3965861, 3, 0.881922
straw, 3958211, 4, 1.175606
reuse, 3950428, 4, 1.175311
peach, 3938068, 4, 1.174841
uncut, 3929056, 3, 0.880873
stove, 3914849, 4, 1.173955
freak, 3908219, 4, 1.173702
bluff, 3906671, 3, 0.880232
sadly, 3905175, 4, 1.173585
avail, 3902711, 3, 0.880118
hatch, 3896261, 3, 0.879933
stein, 3893544, 3, 0.879854
spill, 3890646, 5, 1.466285
drift, 3889505, 3, 0.879738
crisp, 3880385, 4, 1.172634
onset, 3858839, 3, 0.878852
assay, 3855224, 5, 1.464579
snack, 3847152, 4, 1.171351
maxim, 3820484, 4, 1.170315
slate, 3813904, 4, 1.170059
pagan, 3805644, 3, 0.877303
widow, 3804620, 3, 0.877273
canoe, 3790795, 4, 1.169157
juicy, 3778910, 5, 1.460863
moody, 3776452, 6, 1.752891
pedal, 3763705, 5, 1.460116
scrap, 3757085, 3, 0.875874
terra, 3747696, 2, 0.583731
vapor, 3744912, 5, 1.459190
aloud, 3743858, 2, 0.583655
goose, 3739382, 4, 1.167133
hydro, 3725464, 3, 0.874937
noisy, 3722908, 4, 1.166481
abide, 3722809, 3, 0.874858
bliss, 3708978, 4, 1.165927
parse, 3698919, 4, 1.165527
jelly, 3698541, 4, 1.165511
mania, 3688699, 5, 1.456398
cheer, 3648929, 4, 1.163523
clamp, 3639509, 3, 0.872357
grape, 3638159, 4, 1.163089
racer, 3625077, 5, 1.453200
guilt, 3623942, 3, 0.871885
sweep, 3623863, 4, 1.162511
lunar, 3611744, 3, 0.871515
boxer, 3592432, 3, 0.870925
weigh, 3587993, 3, 0.870790
rodeo, 3587192, 4, 1.161020
moose, 3581329, 5, 1.450976
crush, 3576348, 3, 0.870433
lever, 3566558, 4, 1.160177
tasty, 3565676, 3, 0.870105
tarot, 3561389, 3, 0.869973
cocoa, 3557169, 3, 0.869844
hurry, 3536968, 5, 1.448700
clash, 3531117, 4, 1.158719
stain, 3512824, 5, 1.447453
reign, 3505605, 4, 1.157663
baron, 3504549, 3, 0.868214
stiff, 3492842, 5, 1.446415
rabbi, 3488700, 4, 1.156960
sushi, 3488691, 3, 0.867720
puffy, 3488647, 4, 1.156958
elbow, 3484326, 3, 0.867583
stark, 3479265, 6, 1.734850
circa, 3475462, 4, 1.156408
razor, 3451657, 5, 1.444263
cough, 3451640, 5, 1.444263
inlet, 3433125, 3, 0.865973
gloss, 3426618, 4, 1.154356
porch, 3420626, 4, 1.154103
eaten, 3412832, 2, 0.576887
steep, 3399504, 4, 1.153208
creed, 3398609, 4, 1.153170
carat, 3398374, 3, 0.864870
plump, 3386553, 3, 0.864493
midst, 3381410, 3, 0.864329
borne, 3379421, 4, 1.152353
tempo, 3372997, 3, 0.864059
torch, 3360286, 4, 1.151535
attic, 3347389, 3, 0.863236
piper, 3346631, 5, 1.438687
tenth, 3317039, 3, 0.862255
cutie, 3305791, 4, 1.149186
notch, 3302495, 4, 1.149043
scent, 3277212, 5, 1.434928
grasp, 3270025, 5, 1.434535
ounce, 3268355, 3, 0.860667
toast, 3262695, 3, 0.860481
kinky, 3254161, 5, 1.433667
quota, 3245515, 2, 0.573277
jumbo, 3237095, 3, 0.859637
flint, 3230800, 3, 0.859429
dummy, 3230609, 3, 0.859423
awake, 3230337, 4, 1.145885
burnt, 3221640, 4, 1.145501
roast, 3205415, 4, 1.144782
petty, 3195594, 5, 1.430432
shiny, 3192674, 4, 1.144215
smash, 3192001, 3, 0.858139
ample, 3187842, 4, 1.144000
scarf, 3181107, 6, 1.715549
spicy, 3170817, 5, 1.429050
beard, 3166516, 4, 1.143047
wedge, 3162851, 3, 0.857162
hyper, 3153749, 2, 0.571237
gamer, 3144985, 5, 1.427600
savvy, 3140230, 6, 1.712799
fetal, 3127968, 2, 0.570656
chord, 3123447, 5, 1.426385
comet, 3116034, 4, 1.140772
syrup, 3108136, 2, 0.570207
erase, 3086642, 3, 0.854576
prose, 3085898, 4, 1.139400
swear, 3082372, 5, 1.424049
clown, 3081501, 5, 1.423999
taboo, 3079923, 3, 0.854345
dwarf, 3072068, 4, 1.138767
dough, 3032657, 3, 0.852714
stool, 3031945, 5, 1.421149
welch, 3031408, 3, 0.852671
horde, 3026646, 3, 0.852506
nanny, 3025474, 6, 1.704930
roach, 3017586, 4, 1.136254
natal, 3010028, 3, 0.851927
locus, 3009222, 3, 0.851899
prone, 3001079, 3, 0.851614
scare, 2972708, 4, 1.134157
thief, 2970770, 3, 0.850550
motif, 2961524, 4, 1.133631
spear, 2942538, 3, 0.849551
birch, 2936180, 4, 1.132433
slash, 2935535, 4, 1.132403
helix, 2921411, 2, 0.565866
shook, 2917411, 4, 1.131541
zebra, 2902469, 5, 1.413535
fetch, 2897593, 4, 1.130594
unite, 2888724, 4, 1.130169
shear, 2886210, 6, 1.695072
trump, 2879094, 5, 1.412133
avian, 2877167, 3, 0.847210
champ, 2867858, 4, 1.129164
recap, 2861982, 3, 0.846660
crawl, 2859784, 4, 1.128774
hazel, 2841268, 5, 1.409846
rupee, 2831536, 5, 1.409253
stole, 2814273, 5, 1.408199
quasi, 2804115, 5, 1.407577
exile, 2801261, 5, 1.407401
kappa, 2793667, 4, 1.125548
snoop, 2787168, 4, 1.125227
vague, 2783775, 3, 0.843795
rusty, 2780895, 3, 0.843688
sting, 2773263, 6, 1.686810
bravo, 2772503, 3, 0.843377
basil, 2757419, 4, 1.123754
shack, 2739743, 4, 1.122873
sleek, 2734565, 3, 0.841961
hitch, 2730000, 6, 1.683578
tango, 2727306, 3, 0.841688
queer, 2717979, 5, 1.402228
comma, 2711522, 4, 1.121458
freed, 2683280, 5, 1.400037
cheek, 2681029, 5, 1.399894
bowel, 2666510, 3, 0.839382
mafia, 2666020, 6, 1.678727
shire, 2665081, 4, 1.119103
lipid, 2662396, 6, 1.678450
prism, 2648058, 5, 1.397791
vegan, 2642418, 5, 1.397429
groom, 2637912, 4, 1.117712
kayak, 2628993, 4, 1.117253
altar, 2627835, 3, 0.837895
risen, 2619862, 6, 1.675172
rhino, 2619135, 5, 1.395930
ruler, 2615554, 4, 1.116559
swept, 2612095, 5, 1.395474
troop, 2609404, 3, 0.837180
arose, 2609029, 4, 1.116220
flock, 2585098, 4, 1.114975
shave, 2580057, 7, 1.950746
swamp, 2575587, 5, 1.393098
faint, 2565744, 5, 1.392452
gland, 2561362, 5, 1.392165
stoke, 2552684, 6, 1.669912
nasal, 2536094, 5, 1.390498
loser, 2529180, 5, 1.390039
jolly, 2522092, 4, 1.111655
femme, 2521124, 6, 1.667405
siege, 2518421, 5, 1.389324
butte, 2505600, 3, 0.833081
chalk, 2498505, 4, 1.110396
wrath, 2486700, 3, 0.832321
grind, 2482307, 4, 1.109526
blitz, 2476009, 3, 0.831890
rainy, 2469088, 4, 1.108812
viola, 2458792, 3, 0.831191
rumor, 2455494, 5, 1.385095
diver, 2452406, 4, 1.107908
blaze, 2448412, 5, 1.384614
wreck, 2447935, 3, 0.830749
risky, 2412508, 5, 1.382158
tulip, 2406691, 4, 1.105406
owing, 2399321, 3, 0.828749
ditch, 2373753, 7, 1.931266
slick, 2372634, 4, 1.103518
chunk, 2371231, 4, 1.103440
slept, 2370802, 6, 1.655125
tenor, 2361385, 3, 0.827168
scrub, 2360299, 3, 0.827122
cello, 2358848, 4, 1.102749
topaz, 2348935, 4, 1.102193
dusty, 2339959, 3, 0.826266
patty, 2339693, 4, 1.101673
crate, 2336818, 4, 1.101511
sworn, 2332355, 4, 1.101259
beech, 2327119, 5, 1.376204
tense, 2320926, 4, 1.100613
decal, 2311933, 6, 1.650154
fritz, 2309089, 4, 1.099941
mover, 2309084, 6, 1.649911
fauna, 2298940, 4, 1.099362
detox, 2297343, 4, 1.099271
quark, 2286617, 4, 1.098658
sneak, 2280877, 5, 1.372910
octet, 2280607, 3, 0.823735
willy, 2273954, 4, 1.097930
tidal, 2268649, 3, 0.823219
crust, 2267452, 4, 1.097556
dolly, 2266400, 3, 0.823121
miner, 2264812, 6, 1.646105
diner, 2261961, 4, 1.097239
mound, 2259654, 7, 1.919934
scion, 2245350, 4, 1.096276
regal, 2236787, 4, 1.095778
curly, 2231026, 4, 1.095442
hound, 2228633, 8, 2.190603
wharf, 2226856, 5, 1.368997
flick, 2226500, 5, 1.368971
datum, 2226219, 2, 0.547580
maize, 2222076, 3, 0.821189
psalm, 2220027, 4, 1.094798
swell, 2213445, 4, 1.094412
irony, 2212193, 4, 1.094338
viper, 2201559, 5, 1.367140
gypsy, 2201227, 4, 1.093692
flare, 2190533, 4, 1.093060
wight, 2190271, 8, 2.186090
crank, 2185208, 5, 1.365931
brace, 2182960, 4, 1.092611
mango, 2171900, 4, 1.091953
thigh, 2171107, 4, 1.091906
windy, 2162674, 4, 1.091403
steer, 2159937, 3, 0.818429
vogue, 2159792, 4, 1.091230
vodka, 2155662, 3, 0.818237
moist, 2140516, 3, 0.817554
stall, 2114252, 7, 1.904843
serif, 2109334, 5, 1.360228
utter, 2096533, 3, 0.815550
cater, 2092828, 2, 0.543587
pinch, 2082769, 3, 0.814916
troll, 2079165, 4, 1.086333
filth, 2077997, 6, 1.629392
algae, 2068644, 3, 0.814263
shady, 2059463, 4, 1.085115
erect, 2057313, 3, 0.813736
valet, 2052690, 4, 1.084694
madam, 2023575, 5, 1.353590
tease, 2019275, 2, 0.541301
aroma, 2018777, 5, 1.353212
dwell, 2014411, 5, 1.352868
stair, 2012524, 8, 2.164351
rotor, 2003039, 4, 1.081575
quart, 2002127, 3, 0.811138
bison, 2002028, 3, 0.811133
fungi, 2000715, 4, 1.081427
greed, 1997460, 5, 1.351526
bleed, 1989071, 4, 1.080687
incur, 1984112, 3, 0.810278
fudge, 1969555, 4, 1.079438
weave, 1965230, 5, 1.348950
buggy, 1955438, 5, 1.348161
slack, 1954286, 3, 0.808841
gorge, 1950264, 5, 1.347743
banjo, 1940675, 4, 1.077572
stout, 1939514, 4, 1.077497
stare, 1925618, 5, 1.345739
missy, 1925451, 6, 1.614871
flair, 1924190, 4, 1.076498
aisle, 1917319, 4, 1.076048
seize, 1908868, 6, 1.613240
spawn, 1908837, 5, 1.344364
epoxy, 1908076, 3, 0.806581
stony, 1907651, 5, 1.344266
crypt, 1904607, 4, 1.075212
tying, 1898217, 3, 0.806093
diode, 1897828, 5, 1.343457
motto, 1894147, 4, 1.074522
deter, 1887521, 5, 1.342603
furry, 1887389, 6, 1.611111
rinse, 1885846, 5, 1.342464
venom, 1883158, 4, 1.073793
mummy, 1878933, 3, 0.805134
ether, 1877315, 3, 0.805053
haute, 1863024, 3, 0.804337
wacky, 1861879, 6, 1.608558
muddy, 1860188, 4, 1.072259
shalt, 1854326, 4, 1.071865
visor, 1850201, 6, 1.607381
naive, 1848489, 4, 1.071472
folio, 1842202, 4, 1.071047
fiery, 1838655, 5, 1.338509
acorn, 1825652, 3, 0.802443
basal, 1821739, 5, 1.337072
smoky, 1818184, 3, 0.802061
flirt, 1817719, 3, 0.802038
slang, 1817718, 3, 0.802038
finch, 1816047, 4, 1.069269
tally, 1812605, 3, 0.801775
creep, 1811981, 5, 1.336239
agile, 1808955, 3, 0.801588
kiosk, 1808146, 4, 1.068728
ionic, 1808092, 5, 1.335905
stray, 1807545, 5, 1.335859
poppy, 1805254, 4, 1.068530
forte, 1795408, 4, 1.067852
waive, 1789027, 5, 1.334264
greet, 1784219, 4, 1.067079
lymph, 1781845, 4, 1.066914
latch, 1777882, 3, 0.799979
drank, 1777243, 4, 1.066595
torso, 1769562, 4, 1.066060
hinge, 1758893, 2, 0.532657
stunt, 1754828, 3, 0.798772
witty, 1753886, 6, 1.597445
flown, 1749635, 5, 1.330830
silky, 1749406, 5, 1.330810
repay, 1746487, 4, 1.064443
await, 1745587, 4, 1.064379
fetus, 1744267, 3, 0.798215
cider, 1743446, 4, 1.064228
lilac, 1738684, 4, 1.063892
pivot, 1734444, 4, 1.063592
glide, 1731344, 5, 1.329216
creme, 1724183, 4, 1.062864
waltz, 1723021, 5, 1.328477
blush, 1722003, 4, 1.062709
modal, 1718570, 4, 1.062464
cadet, 1717624, 4, 1.062397
tweak, 1705761, 2, 0.530774
trait, 1705417, 5, 1.326904
eater, 1702828, 2, 0.530669
bezel, 1692595, 4, 1.060601
havoc, 1692191, 4, 1.060572
sling, 1688770, 4, 1.060325
axial, 1685087, 3, 0.795044
epoch, 1680235, 3, 0.794780
plaid, 1679093, 4, 1.059624
fable, 1678751, 3, 0.794699
obese, 1673406, 2, 0.529605
sober, 1672710, 3, 0.794370
tread, 1672572, 2, 0.529575
paddy, 1668962, 3, 0.794165
otter, 1662335, 3, 0.793802
sassy, 1657970, 7, 1.851644
dread, 1649823, 5, 1.321855
needy, 1636137, 5, 1.320592
weary, 1632945, 5, 1.320296
tweed, 1631867, 3, 0.792118
snowy, 1631719, 4, 1.056146
genie, 1627726, 5, 1.319812
apron, 1617357, 3, 0.791307
husky, 1606901, 3, 0.790720
bland, 1606490, 4, 1.054262
adept, 1595303, 4, 1.053420
ester, 1581770, 4, 1.052394
snail, 1580640, 3, 0.789231
mower, 1579636, 4, 1.052232
swine, 1578713, 4, 1.052162
heron, 1576813, 4, 1.052017
graft, 1576259, 4, 1.051975
envoy, 1574245, 4, 1.051821
abort, 1569892, 2, 0.525744
duvet, 1567578, 4, 1.051312
spade, 1567565, 5, 1.314138
glare, 1567097, 5, 1.314093
wafer, 1554217, 5, 1.312857
stash, 1553737, 9, 2.363059
semen, 1553302, 5, 1.312769
hover, 1553261, 7, 1.837870
agony, 1543205, 3, 0.787076
lupus, 1538621, 2, 0.524539
bully, 1532418, 3, 0.786447
rhyme, 1530733, 4, 1.048465
snort, 1522943, 4, 1.047857
triad, 1519533, 3, 0.785692
cameo, 1517437, 5, 1.309281
leach, 1516929, 4, 1.047385
fanny, 1516099, 7, 1.832810
milky, 1515925, 5, 1.309133
navel, 1503077, 5, 1.307867
spool, 1499516, 4, 1.046012
annoy, 1497815, 4, 1.045877
toxin, 1495922, 4, 1.045727
axiom, 1495473, 4, 1.045691
joker, 1492319, 4, 1.045441
brink, 1484879, 4, 1.044848
truss, 1484384, 3, 0.783606
khaki, 1481504, 4, 1.044578
penal, 1467202, 5, 1.304288
lapse, 1459542, 5, 1.303515
shrub, 1458217, 4, 1.042705
finer, 1455912, 7, 1.824406
smack, 1451860, 4, 1.042189
cloak, 1450056, 3, 0.781532
manic, 1448525, 4, 1.041918
choke, 1448146, 5, 1.302359
gravy, 1441099, 6, 1.561969
payer, 1439009, 4, 1.041142
glaze, 1431525, 5, 1.300660
dizzy, 1424316, 5, 1.299919
verge, 1422550, 5, 1.299737
nomad, 1422041, 4, 1.039747
thorn, 1421673, 3, 0.779788
spoil, 1419320, 4, 1.039523
sissy, 1410911, 5, 1.298532
palsy, 1409502, 4, 1.038709
bayou, 1397958, 2, 0.518873
tonic, 1393402, 5, 1.296706
ditto, 1386002, 4, 1.036743
oddly, 1385252, 3, 0.777510
undue, 1377567, 4, 1.036031
chant, 1374428, 4, 1.035765
hutch, 1373107, 4, 1.035653
parry, 1371591, 3, 0.776644
mamma, 1368416, 5, 1.294069
folly, 1367992, 5, 1.294024
mural, 1367338, 3, 0.776373
wager, 1366964, 6, 1.552697
purge, 1366135, 4, 1.035061
poser, 1361002, 4, 1.034623
perky, 1360009, 5, 1.293173
stump, 1357079, 5, 1.292860
scalp, 1356840, 3, 0.775701
melon, 1355214, 4, 1.034128
siren, 1354779, 7, 1.809659
clasp, 1354393, 5, 1.292572
sonar, 1341822, 4, 1.032977
ulcer, 1336605, 3, 0.774394
ethic, 1333320, 3, 0.774180
opium, 1330299, 3, 0.773984
enema, 1329511, 3, 0.773932
barge, 1319916, 5, 1.288841
slant, 1313083, 4, 1.030474
broom, 1312361, 4, 1.030411
snare, 1311615, 5, 1.287932
shank, 1311484, 5, 1.287917
leash, 1310125, 5, 1.287768
geese, 1299115, 5, 1.286553
mecca, 1298392, 4, 1.029179
broth, 1297117, 3, 0.771799
taper, 1294069, 2, 0.514398
revue, 1290094, 4, 1.028442
smear, 1289528, 3, 0.771294
slain, 1281084, 4, 1.027638
quail, 1278967, 6, 1.541172
icing, 1277602, 4, 1.027326
strut, 1271153, 3, 0.770060
plume, 1269109, 4, 1.026562
plank, 1265284, 5, 1.282771
enact, 1263603, 5, 1.282581
deity, 1262430, 3, 0.769469
manly, 1260481, 3, 0.769337
peril, 1258951, 5, 1.282054
swirl, 1251090, 4, 1.024928
abode, 1246541, 3, 0.768385
savoy, 1246516, 5, 1.280639
comfy, 1245404, 4, 1.024409
polka, 1242601, 2, 0.512076
nicer, 1239249, 4, 1.023845
boast, 1239080, 2, 0.511915
perch, 1235177, 3, 0.767603
angst, 1232364, 3, 0.767408
gecko, 1230211, 4, 1.023013
facet, 1221287, 5, 1.277732
verve, 1218256, 6, 1.532856
spree, 1218040, 5, 1.277355
embed, 1217930, 4, 1.021874
brute, 1216912, 3, 0.766334
butch, 1213820, 3, 0.766118
defer, 1207925, 5, 1.276174
crave, 1199466, 5, 1.275181
salty, 1196416, 3, 0.764893
valor, 1193133, 2, 0.509773
goofy, 1187234, 5, 1.273735
mimic, 1187154, 4, 1.018980
vigil, 1183443, 4, 1.018627
itchy, 1181967, 4, 1.018487
bulky, 1181562, 3, 0.763836
booze, 1178694, 4, 1.018175
widen, 1178278, 4, 1.018135
adore, 1176240, 4, 1.017940
fluke, 1168887, 4, 1.017235
stomp, 1168038, 6, 1.525730
glade, 1168016, 6, 1.525727
caste, 1166877, 5, 1.271302
druid, 1160196, 4, 1.016397
swarm, 1158175, 5, 1.270252
ledge, 1157598, 4, 1.016146
drown, 1156106, 6, 1.524002
abyss, 1152408, 3, 0.761732
niece, 1151039, 4, 1.015509
flask, 1150132, 5, 1.269276
hippo, 1146063, 4, 1.015025
plead, 1125870, 5, 1.266300
sheen, 1124463, 6, 1.519351
medic, 1122716, 4, 1.012727
grail, 1122474, 4, 1.012703
lapel, 1119712, 4, 1.012429
pecan, 1118027, 4, 1.012262
chime, 1115076, 5, 1.264959
remit, 1111713, 4, 1.011632
exert, 1109622, 4, 1.011423
pinto, 1108872, 4, 1.011348
lucid, 1105349, 3, 0.758246
infer, 1104540, 5, 1.263641
dandy, 1098188, 6, 1.515410
synod, 1095269, 3, 0.757484
lousy, 1095083, 3, 0.757470
caddy, 1094377, 6, 1.514833
bleak, 1088632, 3, 0.756980
tramp, 1087707, 2, 0.504606
lathe, 1073261, 2, 0.503868
bylaw, 1070798, 4, 1.007482
crook, 1067661, 5, 1.258949
stale, 1065657, 6, 1.510429
putty, 1065017, 4, 1.006886
patsy, 1064602, 2, 0.503422
haste, 1059853, 6, 1.509527
prong, 1059042, 3, 0.754700
berth, 1056010, 3, 0.754464
lingo, 1055245, 3, 0.754404
piggy, 1053871, 5, 1.257162
lager, 1050146, 4, 1.005341
foyer, 1042532, 7, 1.757950
brood, 1042305, 5, 1.255649
azure, 1042257, 2, 0.502257
sniff, 1041321, 5, 1.255520
posse, 1038358, 5, 1.255129
pixie, 1037554, 4, 1.004019
unset, 1035406, 4, 1.003792
melee, 1034523, 3, 0.752774
llama, 1033922, 4, 1.003635
vowel, 1033509, 3, 0.752694
fecal, 1032064, 6, 1.505158
humid, 1026485, 3, 0.752135
guile, 1026260, 4, 1.002822
lofty, 1018661, 5, 1.252514
moron, 1017416, 5, 1.252348
dogma, 1016614, 4, 1.001792
winch, 1016374, 3, 0.751325
unzip, 1014009, 4, 1.001513
floss, 1013783, 5, 1.251861
shawl, 1011728, 4, 1.001267
pence, 1009358, 5, 1.251266
thyme, 1007823, 3, 0.750635
ovary, 1003163, 5, 1.250429
abbot, 992552, 2, 0.499594
magma, 992528, 5, 1.248983
arson, 989351, 4, 0.998839
geeky, 987806, 5, 1.248337
haunt, 985188, 3, 0.748787
braid, 981945, 4, 0.998026
lefty, 978333, 4, 0.997627
vigor, 977544, 7, 1.745695
deuce, 970434, 4, 0.996752
riser, 969986, 5, 1.245878
knoll, 965905, 5, 1.245310
inlay, 965778, 4, 0.996234
craze, 962477, 6, 1.493797
totem, 955271, 4, 0.995056
carve, 952422, 5, 1.243419
apnea, 950562, 4, 0.994525
swish, 949054, 3, 0.745766
relic, 947341, 5, 1.242701
ethos, 946491, 3, 0.745548
cling, 946281, 5, 1.242551
nudge, 942601, 4, 0.993623
skunk, 937406, 4, 0.993031
anvil, 936808, 3, 0.744722
stalk, 936028, 7, 1.737529
inert, 935898, 4, 0.992859
eject, 935010, 5, 1.240946
rayon, 934490, 4, 0.992697
mocha, 933522, 4, 0.992586
squat, 925062, 3, 0.743710
pubic, 923627, 4, 0.991448
tiara, 923335, 2, 0.495707
koala, 922217, 2, 0.495642
crock, 918524, 6, 1.486285
retry, 916420, 4, 0.990613
primo, 912120, 5, 1.237640
flank, 910609, 6, 1.484903
atoll, 908471, 2, 0.494843
spoof, 907481, 5, 1.236962
spout, 905624, 5, 1.236689
hefty, 905281, 4, 0.989311
hoist, 905107, 4, 0.989291
agate, 900451, 3, 0.741557
swami, 900023, 3, 0.741520
feral, 897865, 5, 1.235547
truce, 897431, 5, 1.235483
petal, 895903, 2, 0.494103
pluck, 891481, 4, 0.987682
prick, 891337, 4, 0.987665
ascot, 888745, 2, 0.493678
vixen, 885674, 4, 0.986990
bulge, 881613, 4, 0.986504
slump, 878659, 3, 0.739612
gloom, 878018, 5, 1.232591
stink, 872742, 5, 1.231796
overt, 871540, 4, 0.985291
slime, 869502, 5, 1.231306
swung, 867135, 5, 1.230947
libel, 866830, 4, 0.984721
skier, 863046, 5, 1.230325
snuff, 861230, 4, 0.984039
talon, 858061, 4, 0.983651
stint, 855795, 4, 0.983374
sieve, 851108, 6, 1.474196
binge, 850412, 3, 0.737034
jazzy, 849457, 6, 1.473890
limbo, 847468, 4, 0.982348
shove, 847364, 5, 1.227919
flake, 847014, 5, 1.227865
wiser, 841127, 4, 0.981562
flung, 838045, 4, 0.981178
juror, 837876, 5, 1.226446
donut, 836168, 2, 0.490472
tenet, 834143, 4, 0.980690
chute, 834005, 4, 0.980673
mulch, 833160, 3, 0.735425
whine, 832743, 4, 0.980515
vicar, 825292, 4, 0.979578
prank, 825027, 6, 1.469316
suing, 816011, 3, 0.733801
brine, 816003, 3, 0.733800
fluff, 814535, 4, 0.978213
unfit, 814145, 4, 0.978163
rouse, 812361, 5, 1.222419
spiel, 811922, 4, 0.977879
scamp, 810996, 5, 1.222201
evoke, 804417, 5, 1.221145
gully, 800734, 4, 0.976440
macho, 797523, 4, 0.976025
bagel, 792721, 5, 1.219251
amaze, 791672, 4, 0.975264
easel, 791426, 3, 0.731424
quill, 790160, 4, 0.975066
verso, 788583, 4, 0.974860
cleft, 787981, 4, 0.974781
groin, 784476, 4, 0.974322
latte, 783412, 3, 0.730636
mourn, 779010, 5, 1.217002
girly, 778626, 5, 1.216938
blurb, 776249, 5, 1.216545
erode, 774411, 5, 1.216241
brisk, 774000, 4, 0.972938
eerie, 772484, 5, 1.215921
shale, 769742, 6, 1.458557
anode, 768949, 4, 0.972266
crepe, 768351, 5, 1.215232
avert, 767435, 4, 0.972063
guise, 767344, 4, 0.972051
vomit, 767124, 3, 0.729016
bongo, 767108, 4, 0.972019
shaky, 766843, 5, 1.214980
bloke, 766763, 5, 1.214967
phony, 765758, 3, 0.728879
jetty, 765224, 5, 1.214709
rerun, 763880, 3, 0.728690
jerky, 763325, 6, 1.457269
morph, 759670, 6, 1.456532
speck, 757962, 4, 0.970791
papal, 754586, 4, 0.970334
mogul, 753098, 3, 0.727599
droit, 750988, 4, 0.969846
frown, 742356, 7, 1.695166
privy, 742055, 4, 0.968625
sepia, 741438, 3, 0.726405
goody, 733518, 7, 1.693034
stork, 728360, 5, 1.208414
tunic, 727598, 4, 0.966625
farce, 727546, 6, 1.449927
howdy, 726642, 3, 0.724869
whack, 725891, 5, 1.207984
drone, 725818, 5, 1.207971
godly, 725475, 4, 0.966329
spire, 725421, 4, 0.966321
stead, 724786, 6, 1.449349
shrug, 720506, 2, 0.482816
covey, 720367, 4, 0.965613
wince, 717079, 3, 0.723863
bosom, 712863, 4, 0.964554
picky, 711200, 5, 1.205398
lumen, 710305, 4, 0.964191
tonal, 707113, 4, 0.963737
foggy, 704386, 5, 1.204184
shone, 704369, 3, 0.722509
leafy, 704018, 6, 1.444942
trove, 702353, 4, 0.963056
filer, 702264, 6, 1.444565
lusty, 702157, 4, 0.963028
steed, 701658, 5, 1.203696
hasty, 700024, 5, 1.203402
munch, 699127, 4, 0.962593
clove, 698870, 4, 0.962556
leech, 698609, 4, 0.962518
giver, 698546, 6, 1.443764
nymph, 697326, 5, 1.202917
frail, 696174, 5, 1.202709
churn, 694218, 4, 0.961884
awoke, 688520, 5, 1.201321
parka, 688453, 3, 0.720786
prune, 688443, 4, 0.961046
cairn, 688283, 4, 0.961023
nutty, 686428, 4, 0.960752
sever, 686306, 6, 1.441101
fling, 682999, 4, 0.960250
drier, 679179, 5, 1.199612
crumb, 673404, 3, 0.719127
pinky, 672775, 6, 1.438114
grate, 672155, 5, 1.198314
fiend, 670385, 5, 1.197985
pique, 664313, 3, 0.718111
swore, 663914, 5, 1.196777
fishy, 658490, 2, 0.478303
filmy, 657205, 6, 1.434618
timid, 657204, 3, 0.717309
leaky, 650957, 7, 1.672062
molar, 650262, 2, 0.477679
gulch, 647573, 4, 0.954948
bribe, 646492, 5, 1.193478
aorta, 641057, 3, 0.715461
delve, 640909, 3, 0.715443
crimp, 640746, 4, 0.953899
clout, 639706, 3, 0.715304
fella, 639391, 5, 1.192113
glyph, 632257, 5, 1.190729
plumb, 631703, 3, 0.714373
unify, 631185, 4, 0.952416
briar, 630788, 4, 0.952354
junta, 629394, 3, 0.714103
grout, 628986, 4, 0.952073
taker, 625940, 2, 0.475798
scorn, 622924, 5, 1.188901
whirl, 622629, 4, 0.951074
tibia, 620778, 3, 0.713086
pesky, 619402, 6, 1.425846
knack, 616898, 5, 1.187709
rivet, 616847, 4, 0.950159
grunt, 616546, 3, 0.712583
rabid, 612676, 4, 0.949494
cumin, 612220, 3, 0.712066
payee, 611882, 4, 0.949367
hippy, 608617, 2, 0.474422
roost, 608008, 4, 0.948746
evade, 605626, 4, 0.948363
shunt, 604152, 4, 0.948125
tawny, 602308, 3, 0.710870
mucus, 600467, 2, 0.473764
aptly, 598371, 4, 0.947187
liege, 598284, 5, 1.183967
sheik, 596893, 3, 0.710210
piety, 595389, 3, 0.710026
froze, 594804, 6, 1.419908
tacit, 594255, 5, 1.183144
whisk, 591308, 4, 0.946032
unmet, 590631, 3, 0.709441
mauve, 589931, 3, 0.709354
spore, 589081, 5, 1.182082
crept, 588735, 4, 0.945609
bugle, 583867, 4, 0.944803
radii, 575939, 4, 0.943480
roomy, 574188, 5, 1.178982
lasso, 573529, 3, 0.707306
bevel, 571985, 4, 0.942815
dodgy, 571643, 5, 1.178446
brawl, 567755, 3, 0.706574
tubal, 566730, 2, 0.470962
chore, 565322, 5, 1.177106
octal, 557500, 3, 0.705259
gauze, 556178, 5, 1.175147
amuse, 554922, 3, 0.704926
fixer, 554896, 5, 1.174870
idiom, 554390, 4, 0.939809
trawl, 553588, 2, 0.469835
gamut, 553397, 2, 0.469818
filet, 550472, 4, 0.939129
lorry, 549887, 3, 0.704271
saute, 546457, 4, 0.938429
revel, 546018, 4, 0.938352
madly, 545418, 4, 0.938247
gripe, 545043, 5, 1.172726
lowly, 543486, 3, 0.703431
scant, 543285, 5, 1.172340
flier, 542812, 6, 1.406684
amity, 540428, 3, 0.703027
drool, 539170, 5, 1.171434
zonal, 536783, 5, 1.170905
freer, 534734, 6, 1.404540
murky, 532036, 5, 1.169848
cabal, 531622, 4, 0.935805
cynic, 525906, 4, 0.934778
pesto, 521625, 4, 0.934003
bough, 520067, 3, 0.700290
sloth, 519428, 3, 0.700203
tacky, 519106, 3, 0.700159
chasm, 517410, 4, 0.933235
masse, 515818, 5, 1.166180
decoy, 514956, 5, 1.165982
grime, 514156, 5, 1.165799
rigor, 513599, 5, 1.165671
gusto, 512932, 3, 0.699310
dwelt, 512083, 4, 0.932258
hilly, 511265, 2, 0.466053
prawn, 510828, 4, 0.932026
rowdy, 510507, 3, 0.698975
torus, 509986, 2, 0.465935
chock, 508651, 4, 0.931623
curio, 506765, 4, 0.931273
voila, 506278, 2, 0.465592
savor, 506115, 5, 1.163941
tabby, 504455, 3, 0.698133
gourd, 502106, 4, 0.930405
foray, 499808, 4, 0.929974
filly, 499537, 5, 1.162404
aloft, 497342, 3, 0.697132
slurp, 495920, 4, 0.929241
bathe, 494252, 3, 0.696694
girth, 492919, 3, 0.696504
brunt, 489270, 3, 0.695983
ember, 488846, 4, 0.927896
islet, 488105, 4, 0.927754
caper, 485193, 4, 0.927195
quack, 484886, 5, 1.158920
drape, 484861, 5, 1.158914
giddy, 483433, 4, 0.926856
broil, 479526, 5, 1.157625
cacti, 478989, 5, 1.157495
jiffy, 475865, 6, 1.388080
saucy, 474568, 4, 0.925133
askew, 473664, 4, 0.924956
groan, 473578, 3, 0.693704
abate, 470646, 2, 0.462181
mossy, 470059, 4, 0.924247
hater, 467834, 2, 0.461904
expel, 467751, 4, 0.923791
swoop, 467481, 4, 0.923737
gumbo, 467464, 4, 0.923734
adorn, 464591, 4, 0.923163
larva, 462298, 4, 0.922705
growl, 461820, 5, 1.153262
brash, 461753, 5, 1.153245
chard, 459373, 4, 0.922119
sully, 458846, 5, 1.152516
inept, 458533, 4, 0.921950
thump, 456603, 4, 0.921561
salvo, 454555, 2, 0.460573
fleck, 454043, 5, 1.151304
alibi, 448710, 3, 0.689967
credo, 446499, 4, 0.919502
femur, 446209, 3, 0.689582
bushy, 445882, 6, 1.379063
golem, 444797, 4, 0.919152
affix, 444121, 3, 0.689259
quirk, 444069, 5, 1.148752
flaky, 442666, 6, 1.378067
repel, 439316, 4, 0.918016
puree, 438733, 6, 1.376842
swath, 438339, 3, 0.688359
harem, 435962, 4, 0.917315
fussy, 435961, 4, 0.917315
shoal, 435185, 3, 0.687864
heady, 434375, 5, 1.146228
hoard, 433375, 4, 0.916772
spelt, 431427, 5, 1.145451
nerdy, 431324, 6, 1.374509
knelt, 429464, 4, 0.915945
cinch, 427247, 5, 1.144342
scrum, 425870, 2, 0.457590
snipe, 425778, 6, 1.372741
salve, 423303, 5, 1.143289
friar, 422181, 5, 1.142987
pygmy, 421975, 5, 1.142932
pansy, 420775, 3, 0.685565
dingo, 420174, 5, 1.142447
baggy, 419677, 5, 1.142313
heist, 419629, 4, 0.913840
wield, 419233, 4, 0.913754
adage, 419158, 3, 0.685303
budge, 418361, 4, 0.913566
kneel, 417602, 5, 1.141751
batty, 416010, 4, 0.913055
twine, 415457, 5, 1.141168
agape, 414471, 3, 0.684540
bilge, 412304, 3, 0.684184
scour, 411478, 4, 0.912065
leapt, 411241, 4, 0.912013
taffy, 411033, 3, 0.683975
boney, 409772, 4, 0.911690
bitty, 409188, 3, 0.683671
flack, 408860, 4, 0.911489
crass, 408565, 7, 1.594991
rumba, 404980, 3, 0.682972
spunk, 404915, 5, 1.138269
stung, 404657, 6, 1.365836
smirk, 403780, 4, 0.910362
cramp, 402123, 4, 0.909992
fugue, 400733, 4, 0.909681
penne, 400010, 6, 1.364278
bleep, 397961, 4, 0.909058
igloo, 397625, 4, 0.908982
allot, 396325, 3, 0.681516
meaty, 395095, 4, 0.908410
egret, 394773, 3, 0.681253
piney, 394672, 6, 1.362471
felon, 392714, 5, 1.134836
spasm, 391339, 5, 1.134444
dusky, 390563, 4, 0.907377
slush, 389608, 5, 1.133948
vouch, 388963, 7, 1.587268
gipsy, 387772, 6, 1.360105
ruddy, 387590, 5, 1.133369
fjord, 387543, 5, 1.133355
dirge, 384505, 5, 1.132478
edict, 382916, 4, 0.905613
shrew, 382770, 3, 0.679184
mirth, 381439, 4, 0.905269
booby, 379438, 5, 1.131002
conch, 379190, 5, 1.130929
corny, 378659, 4, 0.904619
noose, 378201, 4, 0.904511
recur, 378119, 4, 0.904492
taint, 375008, 6, 1.355638
crier, 374599, 5, 1.129578
beset, 373969, 3, 0.677635
ramen, 373754, 5, 1.129327
ladle, 372653, 6, 1.354801
surly, 372213, 4, 0.903096
cleat, 371970, 4, 0.903038
beefy, 366863, 5, 1.127270
spiny, 366114, 6, 1.352453
clung, 365864, 5, 1.126969
graze, 364990, 6, 1.352046
afoot, 364417, 4, 0.901225
woken, 364304, 5, 1.126498
hotly, 364264, 4, 0.901188
stave, 363443, 7, 1.576731
crick, 362258, 4, 0.900702
stoop, 360440, 6, 1.350388
curvy, 360365, 5, 1.125300
tithe, 359291, 3, 0.674983
idler, 358013, 4, 0.899665
gleam, 356949, 4, 0.899403
tamer, 355602, 2, 0.449536
trice, 354532, 4, 0.898807
nadir, 353146, 4, 0.898463
gavel, 352668, 4, 0.898345
splat, 350981, 3, 0.673443
vying, 348440, 4, 0.897289
pooch, 348386, 3, 0.672957
ensue, 347067, 3, 0.672708
slimy, 346686, 4, 0.896848
clump, 345355, 3, 0.672384
tilde, 344748, 4, 0.896359
prowl, 343421, 5, 1.120028
dimly, 342692, 6, 1.343756
hymen, 341598, 2, 0.447779
forgo, 340426, 4, 0.895260
poise, 339263, 5, 1.118702
duchy, 339003, 4, 0.894895
etude, 338721, 3, 0.671117
gaunt, 338487, 4, 0.894763
suave, 336960, 5, 1.117963
tulle, 336799, 4, 0.894328
gooey, 335656, 3, 0.670525
tangy, 333638, 3, 0.670133
artsy, 333481, 3, 0.670102
whoop, 331753, 3, 0.669765
cacao, 331714, 3, 0.669757
soggy, 331525, 6, 1.339440
beret, 330199, 4, 0.892613
golly, 329846, 6, 1.338781
crump, 328553, 4, 0.892181
mince, 328039, 4, 0.892046
hunch, 327195, 5, 1.114779
spurt, 325911, 4, 0.891484
umbra, 321800, 3, 0.667792
amply, 321480, 4, 0.890304
inane, 319343, 3, 0.667298
spook, 318653, 6, 1.334317
olden, 318215, 3, 0.667070
reedy, 316918, 6, 1.333614
wreak, 316442, 5, 1.111184
bloat, 315923, 2, 0.444403
midge, 308737, 5, 1.108546
sleet, 305148, 5, 1.107300
soapy, 303519, 4, 0.885384
tardy, 303140, 3, 0.663958
smelt, 301053, 5, 1.105863
yearn, 300957, 5, 1.105829
erupt, 300083, 4, 0.884416
lumpy, 296904, 4, 0.883512
heave, 296454, 6, 1.325076
rarer, 296244, 6, 1.324986
coven, 295821, 4, 0.883203
elegy, 295636, 3, 0.662362
sloop, 295505, 5, 1.103890
taunt, 295148, 5, 1.103763
aphid, 295138, 4, 0.883007
myrrh, 294893, 4, 0.882937
chaff, 294863, 5, 1.103660
showy, 294798, 4, 0.882910
emcee, 294621, 5, 1.103573
spied, 294373, 4, 0.882787
aloof, 294291, 3, 0.662073
snore, 294125, 4, 0.882716
quell, 292803, 4, 0.882335
posit, 292597, 3, 0.661707
downy, 288639, 4, 0.881126
lemur, 287912, 3, 0.660685
terse, 287692, 3, 0.660637
utile, 287546, 4, 0.880807
trite, 287494, 5, 1.100989
shard, 287428, 5, 1.100965
dowel, 285802, 3, 0.660221
seedy, 284954, 5, 1.100056
quoth, 282770, 3, 0.659548
ditty, 281979, 7, 1.538535
skiff, 281833, 5, 1.098899
gummy, 281705, 4, 0.879081
rebar, 281535, 5, 1.098788
hunky, 279599, 6, 1.317678
tipsy, 279464, 4, 0.878412
cress, 279364, 4, 0.878382
ficus, 278867, 2, 0.439116
froth, 278469, 4, 0.878113
smote, 276278, 3, 0.658089
axion, 276049, 4, 0.877383
mushy, 275321, 3, 0.657872
dowry, 275011, 4, 0.877068
snuck, 274495, 4, 0.876911
awash, 274221, 5, 1.096035
aback, 272920, 3, 0.657323
scaly, 272847, 3, 0.657306
glint, 272373, 4, 0.876264
stoic, 272080, 4, 0.876174
amiss, 271389, 4, 0.875962
livid, 270785, 5, 1.094721
smite, 270393, 5, 1.094570
chump, 270215, 5, 1.094501
hyena, 268889, 5, 1.093990
pleat, 266830, 5, 1.093191
swash, 265955, 5, 1.092850
clank, 265523, 4, 0.874145
blimp, 263458, 5, 1.091873
loopy, 263368, 4, 0.873470
macaw, 261749, 4, 0.872959
plier, 260940, 7, 1.527231
banal, 260129, 6, 1.308669
guava, 259541, 4, 0.872259
wimpy, 258895, 5, 1.090066
snout, 258314, 6, 1.307802
bigot, 258267, 3, 0.653889
wooly, 256170, 5, 1.088975
irate, 256072, 6, 1.306723
pushy, 255990, 4, 0.871122
dingy, 255349, 4, 0.870916
truer, 254461, 6, 1.305944
slung, 253265, 5, 1.087802
burly, 250632, 4, 0.869383
mange, 250483, 6, 1.304002
gaudy, 248813, 4, 0.868786
swoon, 248694, 5, 1.085933
kebab, 248067, 3, 0.651405
ghoul, 247064, 3, 0.651156
clack, 246726, 5, 1.085120
whiff, 246582, 5, 1.085060
caulk, 245944, 4, 0.867836
tuber, 243798, 3, 0.650340
plied, 243191, 5, 1.083646
twang, 243118, 2, 0.433446
ombre, 243069, 4, 0.866876
gouge, 240551, 5, 1.082534
chirp, 240510, 5, 1.082517
halve, 240290, 6, 1.298908
rower, 239796, 5, 1.082214
aunty, 239524, 3, 0.649259
snide, 238032, 5, 1.081463
gruff, 237505, 4, 0.864991
buxom, 237464, 3, 0.648733
musty, 237343, 5, 1.081169
knead, 235592, 5, 1.080418
rebut, 235254, 3, 0.648163
segue, 234120, 2, 0.431913
twirl, 234072, 4, 0.863810
ingot, 234052, 3, 0.647852
guppy, 233792, 6, 1.295569
glean, 232952, 4, 0.863421
pasty, 231237, 6, 1.294235
crone, 229759, 4, 0.862306
rebus, 227042, 3, 0.646010
foamy, 226531, 5, 1.076456
lurid, 226354, 4, 0.861102
whiny, 225341, 6, 1.291111
miser, 222219, 7, 1.504335
tepid, 220695, 3, 0.644301
smock, 220361, 3, 0.644210
sooty, 220245, 4, 0.858905
covet, 219812, 5, 1.073434
minty, 218953, 6, 1.287651
waver, 217064, 7, 1.501047
conic, 216832, 6, 1.286483
sappy, 216405, 4, 0.857498
elude, 215496, 4, 0.857162
tripe, 215448, 6, 1.285717
spilt, 214786, 4, 0.856899
shyly, 213165, 4, 0.856296
scone, 213031, 4, 0.856246
throb, 212889, 2, 0.428096
evict, 211591, 5, 1.069632
neigh, 211412, 3, 0.641729
balmy, 210906, 4, 0.855448
zesty, 210124, 4, 0.855153
canny, 209480, 6, 1.282364
krill, 208654, 5, 1.068245
moldy, 208515, 4, 0.854543
tryst, 205722, 4, 0.853475
lurch, 204983, 4, 0.853191
quash, 204823, 3, 0.639847
sneer, 203583, 5, 1.065812
allay, 203474, 6, 1.278911
decry, 203238, 3, 0.639387
gusty, 202515, 6, 1.278352
leper, 200592, 4, 0.851483
lunge, 199129, 3, 0.638180
polyp, 197981, 5, 1.063066
refit, 197564, 4, 0.850287
slink, 196197, 4, 0.849743
droll, 196087, 5, 1.062123
endow, 195844, 3, 0.637201
joist, 194739, 5, 1.061448
fizzy, 194519, 6, 1.273605
offal, 194416, 3, 0.636771
staid, 194345, 5, 1.061250
pithy, 194285, 5, 1.061219
shirk, 194196, 4, 0.848940
exalt, 193526, 4, 0.848669
begat, 191296, 3, 0.635823
ripen, 191197, 7, 1.483516
brawn, 191036, 5, 1.059572
wring, 188579, 4, 0.846649
stilt, 188393, 4, 0.846572
clang, 187651, 5, 1.057832
humus, 186734, 2, 0.422942
frock, 185379, 4, 0.845319
wrest, 185267, 4, 0.845272
ashen, 184747, 3, 0.633791
snarl, 184639, 4, 0.845009
leggy, 182670, 4, 0.844179
amass, 181774, 5, 1.054748
iliac, 181298, 4, 0.843596
spiky, 181090, 5, 1.054384
sumac, 181045, 3, 0.632616
wordy, 180947, 3, 0.632585
jaunt, 180434, 6, 1.264840
louse, 178544, 4, 0.842415
scoff, 177728, 3, 0.631546
musky, 177529, 4, 0.841976
furor, 177433, 6, 1.262901
udder, 175766, 4, 0.841208
biome, 174268, 4, 0.840551
flume, 173970, 4, 0.840420
borax, 172497, 3, 0.629826
usurp, 171456, 5, 1.049131
scold, 170208, 3, 0.629060
croak, 169181, 4, 0.838285
abhor, 169167, 2, 0.419139
dopey, 169040, 4, 0.838221
tweet, 168757, 4, 0.838093
leery, 168700, 5, 1.047584
elfin, 168528, 5, 1.047487
jumpy, 168187, 5, 1.047294
testy, 167487, 4, 0.837518
minim, 165667, 5, 1.045858
clink, 164177, 6, 1.254000
bossy, 163576, 5, 1.044652
bicep, 162754, 4, 0.835340
dicey, 161963, 5, 1.043714
dowdy, 161797, 4, 0.834894
dilly, 161256, 7, 1.460620
bawdy, 160667, 5, 1.042954
joust, 160309, 4, 0.834195
weedy, 160228, 4, 0.834157
grope, 160148, 4, 0.834119
afoul, 159727, 3, 0.625440
rajah, 157089, 5, 1.040831
sulky, 156355, 6, 1.248469
droop, 156194, 4, 0.832235
flail, 155382, 5, 1.039804
ardor, 155258, 4, 0.831783
dross, 154345, 5, 1.039175
baler, 153800, 5, 1.038844
atone, 152901, 3, 0.622977
paler, 152772, 4, 0.830572
frisk, 152512, 6, 1.245667
loath, 151677, 3, 0.622525
exult, 151420, 5, 1.037384
extol, 149713, 4, 0.829060
knave, 149542, 6, 1.243462
croup, 149483, 3, 0.621709
ratty, 148678, 5, 1.035678
scree, 148396, 4, 0.828401
antic, 147936, 4, 0.828170
recut, 146984, 4, 0.827690
ovine, 146663, 4, 0.827527
untie, 146576, 4, 0.827483
annul, 146490, 4, 0.827439
lanky, 146488, 5, 1.034298
outdo, 146433, 4, 0.827410
mammy, 145805, 5, 1.033864
ennui, 145576, 3, 0.620231
purer, 145370, 5, 1.033586
bleat, 144793, 3, 0.619930
sprig, 143773, 5, 1.032562
ovate, 143727, 4, 0.826026
dally, 142954, 5, 1.032034
shorn, 142311, 4, 0.825293
amble, 141586, 3, 0.618687
sooth, 141125, 4, 0.824675
aider, 140957, 4, 0.824587
scram, 139774, 4, 0.823965
grimy, 139160, 5, 1.029551
loamy, 138014, 3, 0.617274
biddy, 137910, 4, 0.822977
crony, 137861, 5, 1.028688
teary, 137396, 2, 0.411351
sower, 137381, 6, 1.234041
satyr, 136838, 2, 0.411202
lithe, 135670, 3, 0.616331
cluck, 134048, 4, 0.820893
gaffe, 132748, 5, 1.025226
liken, 132264, 6, 1.229872
nosey, 132182, 4, 0.819869
toddy, 131875, 4, 0.819699
gaily, 131276, 4, 0.819367
tatty, 130077, 6, 1.228049
gazer, 129741, 7, 1.432394
junto, 128329, 3, 0.613287
undid, 126166, 4, 0.816483
betel, 126006, 3, 0.612294
unwed, 125824, 4, 0.816287
clued, 125391, 5, 1.020047
creak, 124122, 6, 1.222955
eclat, 123738, 3, 0.611310
abled, 122479, 3, 0.610757
wrung, 121159, 4, 0.813563
augur, 120764, 3, 0.609996
idyll, 120651, 4, 0.813261
beget, 119815, 5, 1.015953
wispy, 119494, 6, 1.218855
chafe, 118832, 5, 1.015215
nobly, 118764, 4, 0.812131
feign, 116753, 5, 1.013637
mealy, 116752, 5, 1.013636
boule, 116726, 4, 0.810893
shuck, 116293, 4, 0.810628
scowl, 115386, 3, 0.607552
belch, 115135, 5, 1.012393
afire, 113772, 5, 1.011334
gloat, 113594, 3, 0.606717
squib, 112968, 3, 0.606423
dunce, 112570, 4, 0.808313
drawl, 112289, 5, 1.010170
warty, 111349, 4, 0.807540
mucky, 111308, 4, 0.807514
vapid, 110502, 4, 0.807000
aglow, 110328, 3, 0.605166
trope, 109419, 5, 1.007880
catty, 107679, 7, 1.409055
skimp, 107336, 6, 1.207425
harpy, 107008, 4, 0.804734
singe, 106880, 5, 1.005813
plunk, 106835, 5, 1.005776
caput, 105633, 3, 0.602870
raspy, 105094, 4, 0.803467
ovoid, 105072, 5, 1.004316
imbue, 105068, 3, 0.602588
acrid, 104638, 5, 1.003953
matey, 104596, 2, 0.401567
belie, 103562, 3, 0.601830
slyly, 103507, 4, 0.802402
shied, 103457, 4, 0.802369
opine, 103450, 5, 1.002955
plait, 103227, 4, 0.802213
scald, 101839, 3, 0.600951
leant, 101406, 5, 1.001214
stank, 100733, 5, 1.000635
frill, 99652, 6, 1.199637
dryly, 96792, 4, 0.797741
corer, 96129, 4, 0.797266
gonad, 95676, 5, 0.996175
baste, 95369, 4, 0.796719
cower, 95006, 7, 1.393798
deign, 94806, 4, 0.796311
unlit, 94251, 4, 0.795907
wryly, 93928, 4, 0.795671
prude, 93351, 4, 0.795247
botch, 92410, 3, 0.595914
swill, 92032, 5, 0.992839
copse, 90567, 5, 0.991467
ruder, 89666, 6, 1.188737
pudgy, 89451, 6, 1.188492
dumpy, 88067, 4, 0.791266
beady, 87974, 4, 0.791195
tapir, 86809, 3, 0.592717
blurt, 86781, 4, 0.790268
frond, 86555, 5, 0.987614
impel, 86447, 4, 0.790006
hussy, 85775, 4, 0.789478
saner, 84491, 5, 0.985573
pried, 82841, 5, 0.983912
gruel, 82196, 4, 0.786604
goner, 80810, 6, 1.178195
bluer, 80668, 6, 1.178019
flunk, 79790, 5, 0.980767
spurn, 79323, 5, 0.980277
hovel, 76694, 5, 0.977471
stunk, 76458, 5, 0.977216
fetid, 75712, 3, 0.585842
moult, 75151, 4, 0.780630
elope, 74984, 5, 0.975604
sinew, 74869, 3, 0.585286
riper, 74056, 6, 1.169490
twixt, 73594, 4, 0.779247
preen, 73524, 5, 0.973981
surer, 73497, 4, 0.779160
woozy, 72439, 5, 0.972757
flout, 72396, 4, 0.778167
boozy, 71828, 5, 0.972062
kneed, 71162, 5, 0.971298
whelp, 70407, 4, 0.776340
pouty, 69818, 4, 0.775790
edify, 69341, 5, 0.969178
oaken, 69075, 4, 0.775092
wrack, 68820, 5, 0.968563
briny, 66915, 5, 0.966281
cagey, 66504, 5, 0.965782
dully, 66436, 5, 0.965699
chide, 66368, 4, 0.772493
gassy, 63283, 6, 1.154132
bused, 62772, 3, 0.576675
poesy, 62166, 4, 0.768278
gayer, 62075, 8, 1.536369
cabby, 61542, 4, 0.767632
odder, 60826, 4, 0.766884
humph, 60767, 5, 0.958528
gnash, 60339, 4, 0.766371
shush, 60031, 4, 0.766045
foist, 55908, 6, 1.142308
mangy, 55682, 5, 0.951604
debar, 52384, 5, 0.946826
coyly, 52174, 4, 0.757211
tepee, 52048, 5, 0.946325
slosh, 51634, 3, 0.567423
blare, 49365, 6, 1.130672
rearm, 45604, 4, 0.748924
demur, 45556, 3, 0.561645
aping, 42534, 3, 0.558528
pulpy, 41088, 4, 0.742627
slunk, 40167, 6, 1.111908
daunt, 38855, 7, 1.293768
ninny, 38726, 6, 1.108648
parer, 38034, 5, 0.922539
retch, 37821, 3, 0.553274
qualm, 34744, 3, 0.549539
outgo, 34007, 5, 0.914339
waxen, 31767, 5, 0.909418
gawky, 31136, 7, 1.271170
eying, 31044, 6, 1.089320
befit, 31021, 3, 0.544628
abase, 29383, 4, 0.723078
gayly, 29264, 5, 0.903560
thrum, 28106, 3, 0.540424
cavil, 27985, 3, 0.540241
eking, 26695, 7, 1.255927
skulk, 24018, 5, 0.889765
elide, 23795, 6, 1.066948
icily, 21127, 5, 0.881032
unfed, 20266, 5, 0.878236
snaky, 18580, 5, 0.872455
vaunt, 17134, 8, 1.387410
elate, 16161, 4, 0.690664
wooer, 10000, 4, 0.666667
